City_ID,City,Country,Date,Lat,Lng,Max Temp,Humidity,Cloudiness,Wind Speed
0,Odweyne,SO,2022-01-30 03:34:03,9.4092,45.064,58.87,34,11,5.23
1,Ostrovnoy,RU,2022-01-30 03:34:04,68.0531,39.5131,18.61,92,100,9.6
2,Port Blair,IN,2022-01-30 03:34:05,11.6667,92.75,80.64,74,75,4.61
3,Palmares Do Sul,BR,2022-01-30 03:34:05,-30.2578,-50.5097,67.59,75,2,6.98
4,Strezhevoy,RU,2022-01-30 03:34:05,60.7333,77.5889,3.18,96,100,6.67
5,Port Alfred,ZA,2022-01-30 03:34:06,-33.5906,26.891,68.76,86,10,8.08
6,Huarmey,PE,2022-01-30 03:34:06,-10.0681,-78.1522,70.5,84,67,7.9
7,Port Elizabeth,ZA,2022-01-30 03:31:55,-33.918,25.5701,64.69,94,20,4.61
8,Dudinka,RU,2022-01-30 03:34:07,69.4058,86.1778,-2.38,95,100,12.33
9,Pevek,RU,2022-01-30 03:34:07,69.7008,170.3133,-15.2,98,100,3.96
10,Clyde River,CA,2022-01-30 03:34:08,70.4692,-68.5914,-9.17,70,100,10.36
11,Codrington,AU,2022-01-30 03:34:08,-38.2667,141.9667,72.63,72,96,12.21
12,Mar Del Plata,AR,2022-01-30 03:34:09,-38.0023,-57.5575,70.88,81,0,20.0
13,East London,ZA,2022-01-30 03:32:42,-33.0153,27.9116,67.14,94,0,4.61
14,Gisborne,NZ,2022-01-30 03:30:02,-38.6533,178.0042,76.95,67,4,6.42
15,Constitucion,CL,2022-01-30 03:34:09,-35.3333,-72.4167,56.89,93,62,6.85
16,Warrnambool,AU,2022-01-30 03:34:10,-38.3833,142.4833,77.81,81,98,11.92
17,Walvis Bay,NA,2022-01-30 03:34:10,-22.9575,14.5053,62.1,94,58,10.36
18,Touros,BR,2022-01-30 03:34:11,-5.1989,-35.4608,76.1,83,83,9.37
19,Quatre Cocos,MU,2022-01-30 03:34:11,-20.2078,57.7625,83.08,71,98,14.67
20,Sibu,MY,2022-01-30 03:34:12,2.3,111.8167,84.51,79,40,1.99
21,Esperance,AU,2022-01-30 03:34:12,-33.8667,121.9,94.84,45,6,13.38
22,Hermanus,ZA,2022-01-30 03:32:36,-34.4187,19.2345,64.8,89,2,10.4
23,Tiarei,PF,2022-01-30 03:34:12,-17.5333,-149.3333,80.62,74,76,7.4
24,Busselton,AU,2022-01-30 03:32:29,-33.65,115.3333,83.05,45,4,12.55
25,Rikitea,PF,2022-01-30 03:32:33,-23.1203,-134.9692,76.84,68,100,6.8
26,Cape Town,ZA,2022-01-30 03:33:56,-33.9258,18.4232,66.11,72,0,4.0
27,Olutanga,PH,2022-01-30 03:34:14,7.3106,122.8464,81.9,71,61,2.89
28,Tomatlan,MX,2022-01-30 03:29:37,19.9333,-105.25,67.19,89,0,2.04
29,Atuona,PF,2022-01-30 03:34:14,-9.8,-139.0333,78.08,76,23,14.14
30,Arraial Do Cabo,BR,2022-01-30 03:32:38,-22.9661,-42.0278,73.44,95,100,10.16
31,Ushuaia,AR,2022-01-30 03:32:05,-54.8,-68.3,42.46,87,100,4.61
32,Albany,US,2022-01-30 03:30:11,42.6001,-73.9662,6.75,57,100,11.99
33,Caravelas,BR,2022-01-30 03:34:15,-17.7125,-39.2481,76.98,87,40,8.1
34,Lincoln,US,2022-01-30 03:34:15,40.8,-96.667,44.04,52,0,3.0
35,Adrar,MR,2022-01-30 03:34:16,20.5022,-10.0711,68.04,15,88,11.74
36,Sioux Lookout,CA,2022-01-30 03:34:16,50.1001,-91.917,7.18,85,100,6.91
37,Outjo,NA,2022-01-30 03:34:17,-20.1167,16.15,66.38,75,98,4.97
38,Avarua,CK,2022-01-30 03:32:33,-21.2078,-159.775,82.45,74,20,11.5
39,Kruisfontein,ZA,2022-01-30 03:29:27,-34.0033,24.7314,56.88,90,1,4.21
40,Fortuna,US,2022-01-30 03:32:32,40.5982,-124.1573,47.66,93,20,0.0
41,Isangel,VU,2022-01-30 03:34:17,-19.55,169.2667,82.51,83,100,6.91
42,Hilo,US,2022-01-30 03:28:10,19.7297,-155.09,74.93,68,40,9.22
43,Iqaluit,CA,2022-01-30 03:30:13,63.7506,-68.5145,-13.27,62,40,8.99
44,Sitka,US,2022-01-30 03:34:19,57.0531,-135.33,35.49,87,100,11.5
45,Imeni Poliny Osipenko,RU,2022-01-30 03:34:20,52.4201,136.4853,-4.74,95,100,6.78
46,Jamestown,US,2022-01-30 03:30:40,42.097,-79.2353,6.71,85,0,3.44
47,Talnakh,RU,2022-01-30 03:34:20,69.4865,88.3972,-2.79,97,100,8.39
48,New Norfolk,AU,2022-01-30 03:34:21,-42.7826,147.0587,82.65,31,0,3.0
49,Churapcha,RU,2022-01-30 03:34:21,62.0025,132.4325,-21.39,92,52,1.32
50,Maumere,ID,2022-01-30 03:34:21,-8.6199,122.2111,82.98,78,100,8.03
51,Guerrero Negro,MX,2022-01-30 03:34:22,27.9769,-114.0611,61.21,66,7,10.47
52,Toamasina,MG,2022-01-30 03:34:22,-18.1667,49.3833,73.4,94,40,3.44
53,Lasa,IT,2022-01-30 03:34:23,46.6166,10.7002,47.66,92,13,9.26
54,Lebu,CL,2022-01-30 03:34:23,-37.6167,-73.65,56.43,90,6,7.9
55,Shingu,JP,2022-01-30 03:34:23,33.7333,135.9833,45.59,37,100,1.83
56,Dikson,RU,2022-01-30 03:32:39,73.5069,80.5464,7.05,94,100,16.64
57,Mataura,NZ,2022-01-30 03:34:24,-46.1927,168.8643,58.84,93,100,2.13
58,Ponta Do Sol,PT,2022-01-30 03:32:34,32.6667,-17.1,63.23,43,6,5.53
59,Acapulco,MX,2022-01-30 03:31:06,16.8634,-99.8901,80.42,78,40,6.91
60,Winslow,US,2022-01-30 03:34:25,35.0242,-110.6974,37.96,28,0,5.75
61,Chuy,UY,2022-01-30 03:34:25,-33.6971,-53.4616,63.88,80,0,6.78
62,Nhulunbuy,AU,2022-01-30 03:34:26,-12.2333,136.7667,79.41,89,40,12.66
63,Ardino,BG,2022-01-30 03:34:26,41.5833,25.1333,28.76,75,15,3.76
64,Hobart,AU,2022-01-30 03:34:27,-42.8794,147.3294,83.01,51,20,1.01
65,Rambouillet,FR,2022-01-30 03:34:27,48.5833,1.9167,46.85,95,75,6.55
66,Te Anau,NZ,2022-01-30 03:34:27,-45.4167,167.7167,64.53,71,100,1.28
67,Pathalgaon,IN,2022-01-30 03:34:28,22.5667,83.4667,63.81,27,0,3.36
68,Barrow,US,2022-01-30 03:30:02,71.2906,-156.7887,-9.38,70,75,8.05
69,Bredasdorp,ZA,2022-01-30 03:34:14,-34.5322,20.0403,64.27,91,5,4.99
70,Tuktoyaktuk,CA,2022-01-30 03:34:28,69.4541,-133.0374,-7.6,77,40,12.66
71,Mount Gambier,AU,2022-01-30 03:34:29,-37.8333,140.7667,71.51,68,100,8.05
72,Banyo,CM,2022-01-30 03:34:29,6.75,11.8167,60.24,30,95,4.97
73,Muros,ES,2022-01-30 03:34:30,42.7762,-9.0603,48.7,60,18,5.66
74,Castro,BR,2022-01-30 03:34:30,-24.7911,-50.0119,60.22,99,100,5.23
75,Kirakira,SB,2022-01-30 03:34:30,-10.4544,161.9205,84.78,74,54,9.37
76,Bumba,CD,2022-01-30 03:34:31,2.1833,22.4667,64.94,42,2,3.44
77,Provideniya,RU,2022-01-30 03:34:31,64.3833,-173.3,3.54,84,19,4.79
78,Vaini,TO,2022-01-30 03:34:31,-21.2,-175.2,81.9,76,99,11.95
79,Cherskiy,RU,2022-01-30 03:34:32,68.75,161.3,-28.14,100,92,3.06
80,Puerto Ayora,EC,2022-01-30 03:34:32,-0.7393,-90.3518,73.18,85,81,5.57
81,Lorengau,PG,2022-01-30 03:34:33,-2.0226,147.2712,83.55,73,42,9.04
82,Kapaa,US,2022-01-30 03:34:33,22.0752,-159.319,79.12,70,0,5.75
83,Santa Rosa,PH,2022-01-30 03:34:33,14.3122,121.1114,88.86,63,45,10.36
84,Singaraja,ID,2022-01-30 03:34:34,-8.112,115.0882,85.96,70,99,4.18
85,Pisco,PE,2022-01-30 03:34:34,-13.7,-76.2167,69.85,83,20,9.22
86,Zaysan,KZ,2022-01-30 03:34:35,47.4667,84.8667,2.59,87,100,1.3
87,Inta,RU,2022-01-30 03:34:35,66.0317,60.1659,15.28,86,100,8.16
88,Butaritari,KI,2022-01-30 03:34:35,3.0707,172.7902,82.54,72,41,17.25
89,Bluff,NZ,2022-01-30 03:34:36,-46.6,168.3333,59.67,88,100,3.69
90,Tarakan,ID,2022-01-30 03:32:40,3.3,117.6333,85.5,74,75,6.91
91,Lompoc,US,2022-01-30 03:34:36,34.6391,-120.4579,60.13,71,0,0.0
92,Souillac,MU,2022-01-30 03:34:37,-20.5167,57.5167,83.35,83,75,9.22
93,Dandong,CN,2022-01-30 03:34:38,40.1292,124.3947,28.89,26,0,7.38
94,Bajil,YE,2022-01-30 03:34:38,15.0584,43.2851,74.37,83,91,4.74
95,Menongue,AO,2022-01-30 03:34:39,-14.6585,17.691,62.91,95,100,10.78
96,Sechura,PE,2022-01-30 03:34:39,-5.5569,-80.8222,72.84,73,89,13.04
97,Batouri,CM,2022-01-30 03:34:39,4.4333,14.3667,65.75,32,60,3.29
98,Pangnirtung,CA,2022-01-30 03:34:40,66.1451,-65.7125,-20.85,99,100,3.22
99,Camapua,BR,2022-01-30 03:34:41,-19.5314,-54.0439,70.9,98,98,6.26
100,Tiksi,RU,2022-01-30 03:32:41,71.6872,128.8694,-9.89,97,51,3.06
101,Punta Arenas,CL,2022-01-30 03:32:34,-53.15,-70.9167,46.51,66,0,10.36
102,Khatanga,RU,2022-01-30 03:34:41,71.9667,102.5,-14.51,98,84,7.52
103,Bull Savanna,JM,2022-01-30 03:34:42,17.8868,-77.5902,70.18,84,5,7.7
104,Ancud,CL,2022-01-30 03:34:42,-41.8697,-73.8203,54.93,88,100,9.64
105,Bathsheba,BB,2022-01-30 03:34:42,13.2167,-59.5167,75.81,78,40,17.27
106,La Rioja,ES,2022-01-30 03:34:43,42.25,-2.5,33.12,33,0,6.15
107,Trinidad,BO,2022-01-30 03:34:43,-14.8333,-64.9,73.62,96,91,1.43
108,Belmonte,BR,2022-01-30 03:34:44,-15.8631,-38.8828,77.5,85,90,10.29
109,Sikonge,TZ,2022-01-30 03:34:44,-5.6333,32.7667,64.56,89,100,2.59
110,Rafraf,TN,2022-01-30 03:34:45,37.1904,10.1837,39.52,77,1,13.76
111,Asau,RO,2022-01-30 03:34:45,46.4333,26.4,33.4,71,100,11.56
112,Yellowknife,CA,2022-01-30 03:34:33,62.456,-114.3525,-14.58,78,40,5.75
113,Sorland,NO,2022-01-30 03:34:46,67.667,12.6934,36.48,53,100,26.06
114,Chokurdakh,RU,2022-01-30 03:34:46,70.6333,147.9167,-20.61,89,85,1.79
115,Beringovskiy,RU,2022-01-30 03:34:46,63.05,179.3167,-12.69,100,77,2.98
116,Okha,RU,2022-01-30 03:34:47,53.5739,142.9478,-0.17,87,93,8.93
117,Roald,NO,2022-01-30 03:34:47,62.5833,6.1333,39.9,60,75,21.85
118,Pontevedra,ES,2022-01-30 03:34:47,42.431,-8.6444,48.63,64,6,5.26
119,Tasiilaq,GL,2022-01-30 03:34:48,65.6145,-37.6368,12.36,63,100,12.17
120,Nichinan,JP,2022-01-30 03:34:48,31.6,131.3667,51.48,88,100,6.24
121,Ilulissat,GL,2022-01-30 03:34:49,69.2167,-51.1,10.42,61,40,25.32
122,Ribeira Grande,PT,2022-01-30 03:34:49,38.5167,-28.7,59.22,74,79,17.25
123,Matara,LK,2022-01-30 03:34:49,5.9485,80.5353,84.51,60,6,6.62
124,Faanui,PF,2022-01-30 03:32:39,-16.4833,-151.75,80.82,71,100,6.24
125,Oistins,BB,2022-01-30 03:29:53,13.0667,-59.5333,75.29,78,40,17.27
126,Carnduff,CA,2022-01-30 03:34:50,49.1667,-101.8009,4.37,100,48,1.45
127,College,US,2022-01-30 03:33:52,64.8569,-147.8028,-11.25,70,20,0.0
128,Westport,US,2022-01-30 03:31:03,41.1415,-73.3579,16.99,46,75,3.0
129,Key West,US,2022-01-30 03:30:01,24.5557,-81.7826,60.8,57,40,16.11
130,Naze,JP,2022-01-30 03:34:52,28.3667,129.4833,56.32,77,99,17.4
131,Carnarvon,AU,2022-01-30 03:34:52,-24.8667,113.6333,84.27,70,61,13.8
132,Grindavik,IS,2022-01-30 03:31:06,63.8424,-22.4338,34.27,86,75,11.5
133,Meulaboh,ID,2022-01-30 03:34:52,4.1363,96.1285,84.69,68,17,2.06
134,Chara,RU,2022-01-30 03:34:53,56.9064,118.2631,-10.1,94,43,1.1
135,Buchanan,LR,2022-01-30 03:34:53,5.8808,-10.0467,77.32,86,24,1.79
136,Rafai,CF,2022-01-30 03:34:54,4.95,23.9167,61.36,32,77,3.65
137,Kodiak,US,2022-01-30 03:34:54,57.79,-152.4072,33.31,55,0,19.57
138,Saint George,US,2022-01-30 03:32:15,37.1041,-113.5841,51.35,24,0,5.99
139,Rocha,UY,2022-01-30 03:34:54,-34.4833,-54.3333,61.18,90,7,6.62
140,Kuusamo,FI,2022-01-30 03:34:56,65.9667,29.1833,17.64,93,100,5.75
141,Upernavik,GL,2022-01-30 03:34:57,72.7868,-56.1549,-4.05,98,100,5.97
142,Ouargaye,BF,2022-01-30 03:34:57,11.5033,0.0572,71.85,18,18,12.15
143,Santa Cruz De La Palma,ES,2022-01-30 03:34:57,28.6835,-17.7642,62.74,63,100,8.05
144,Zhigansk,RU,2022-01-30 03:34:58,66.7697,123.3711,-27.15,99,85,4.88
145,Cayenne,GF,2022-01-30 03:30:05,4.9333,-52.3333,79.09,86,75,1.01
146,Cap Malheureux,MU,2022-01-30 03:34:58,-19.9842,57.6142,83.46,69,80,7.0
147,Dancheng,CN,2022-01-30 03:34:59,33.6333,115.1833,42.71,51,6,4.41
148,High Level,CA,2022-01-30 03:30:15,58.5169,-117.136,6.91,92,100,11.5
149,Tuatapere,NZ,2022-01-30 03:32:35,-46.1333,167.6833,67.44,66,100,2.44
150,Dubai,AE,2022-01-30 03:34:54,25.2582,55.3047,67.21,82,0,3.44
151,Kloulklubed,PW,2022-01-30 03:35:00,7.0419,134.2556,84.7,70,69,12.68
152,Novikovo,RU,2022-01-30 03:35:00,51.1537,37.8879,13.12,98,79,7.09
153,Naica,MX,2022-01-30 03:35:01,27.85,-105.4833,53.69,49,9,6.44
154,Wajima,JP,2022-01-30 03:35:01,37.4,136.9,36.28,64,75,4.61
155,Namibe,AO,2022-01-30 03:35:01,-15.1961,12.1522,70.18,76,100,3.56
156,Troy,US,2022-01-30 03:31:07,42.6056,-83.1499,16.18,75,100,4.0
157,Bosaso,SO,2022-01-30 03:35:02,11.2842,49.1816,71.89,66,66,3.76
158,Pirapora,BR,2022-01-30 03:35:02,-17.345,-44.9419,67.6,94,89,3.67
159,Parit Buntar,MY,2022-01-30 03:35:03,5.1267,100.4932,87.82,61,71,4.97
160,Luwuk,ID,2022-01-30 03:35:03,-0.9516,122.7875,85.87,69,100,4.0
161,Mahebourg,MU,2022-01-30 03:35:04,-20.4081,57.7,83.25,83,75,9.22
162,Broome,US,2022-01-30 03:35:04,42.2506,-75.833,8.62,82,0,1.99
163,Portland,US,2022-01-30 03:31:07,45.5234,-122.6762,44.17,70,0,5.99
164,Port Lincoln,AU,2022-01-30 03:35:05,-34.7333,135.8667,74.05,64,4,11.9
165,Georgetown,MY,2022-01-30 03:30:35,5.4112,100.3354,87.75,71,20,1.01
166,Lata,PT,2022-01-30 03:35:05,40.1629,-8.3327,47.71,50,0,5.1
167,Cabo San Lucas,MX,2022-01-30 03:35:06,22.8909,-109.9124,71.91,67,0,3.0
168,San Vicente,AR,2022-01-30 03:35:06,-26.6167,-54.1333,61.32,93,45,2.77
169,Katsuura,JP,2022-01-30 03:35:07,35.1333,140.3,48.18,55,98,11.65
170,Nazira,IN,2022-01-30 03:35:07,26.9167,94.7333,59.18,61,51,1.77
171,Salinopolis,BR,2022-01-30 03:35:08,-0.6136,-47.3561,76.51,86,100,7.38
172,Plettenberg Bay,ZA,2022-01-30 03:35:08,-34.0527,23.3716,63.99,86,3,1.05
173,Prainha,BR,2022-01-30 03:30:27,-1.8,-53.48,71.83,99,100,3.4
174,Mbanza-Ngungu,CD,2022-01-30 03:35:09,-5.25,14.8667,66.18,98,100,3.09
175,Skelleftea,SE,2022-01-30 03:35:09,64.7507,20.9528,19.0,67,100,3.0
176,Vallenar,CL,2022-01-30 03:35:09,-28.5708,-70.7581,63.73,73,0,3.89
177,Tanete,ID,2022-01-30 03:35:10,-3.9443,119.7848,86.83,60,100,8.95
178,Chilia Veche,RO,2022-01-30 03:35:10,45.4167,29.2833,27.48,80,90,13.51
179,Ciudad Bolivar,VE,2022-01-30 03:35:11,8.1222,-63.5497,76.57,69,94,13.53
180,Maningrida,AU,2022-01-30 03:35:11,-12.0667,134.2667,80.15,85,100,17.81
181,Alofi,NU,2022-01-30 03:35:11,-19.0595,-169.9187,84.09,74,100,8.05
182,Nizhneudinsk,RU,2022-01-30 03:35:12,54.9076,99.0276,7.75,81,29,2.17
183,Jacareacanga,BR,2022-01-30 03:35:12,-6.2222,-57.7528,71.96,100,100,3.27
184,Najran,SA,2022-01-30 03:34:34,17.4924,44.1277,52.45,57,5,0.51
185,Olinda,BR,2022-01-30 03:35:13,-8.0089,-34.8553,78.53,83,75,2.3
186,Huilong,CN,2022-01-30 03:35:13,31.8111,121.655,45.03,53,62,14.07
187,Ndele,CF,2022-01-30 03:35:13,8.4109,20.6473,64.8,20,97,5.19
188,Alice Springs,AU,2022-01-30 03:35:15,-23.7,133.8833,81.95,74,75,18.41
189,Palencia,ES,2022-01-30 03:31:13,42.4167,-4.5,37.54,43,5,3.89
190,Longyearbyen,SJ,2022-01-30 03:35:15,78.2186,15.6401,8.44,66,0,14.97
191,Borgarnes,IS,2022-01-30 03:35:16,64.5383,-21.9206,35.82,97,100,9.84
192,Torbay,CA,2022-01-30 03:35:16,47.6666,-52.7314,45.28,97,100,31.07
193,Asyut,EG,2022-01-30 03:35:16,27.181,31.1837,45.18,65,0,4.92
194,Maracaibo,VE,2022-01-30 03:35:17,10.6317,-71.6406,77.31,79,72,11.97
195,Villazon,BO,2022-01-30 03:35:17,-22.0866,-65.5942,49.71,82,88,10.85
196,San Patricio,US,2022-01-30 03:35:18,28.017,-97.5169,57.04,55,9,8.39
197,Kahului,US,2022-01-30 03:31:57,20.8947,-156.47,80.62,58,0,12.66
198,Karratha,AU,2022-01-30 03:35:18,-20.7377,116.8463,98.13,35,54,14.81
199,Nishihara,JP,2022-01-30 03:35:19,26.1842,127.7558,67.28,77,75,16.11
200,Yumen,CN,2022-01-30 03:35:19,40.2833,97.2,18.39,46,0,7.94
201,Urucara,BR,2022-01-30 03:35:20,-2.5364,-57.76,72.86,99,100,2.04
202,Puerto Madero,MX,2022-01-30 03:35:20,14.7208,-92.4215,77.2,94,40,0.0
203,Mitzic,GA,2022-01-30 03:35:21,0.7821,11.549,68.41,99,100,1.86
204,Poum,NC,2022-01-30 03:35:21,-20.2333,164.0167,81.84,77,100,8.66
205,Johnstown,US,2022-01-30 03:30:44,40.3267,-78.922,12.92,56,0,12.66
206,Grand-Bourg,GP,2022-01-30 03:35:22,15.8835,-61.3148,69.75,67,4,12.26
207,Medicine Hat,CA,2022-01-30 03:33:01,50.0501,-110.6683,39.63,45,75,12.66
208,Victoria,HK,2022-01-30 03:33:40,22.2855,114.1577,63.25,66,67,1.01
209,Kamenka,RU,2022-01-30 03:35:23,51.3223,42.7678,31.75,97,97,7.54
210,Karlskrona,SE,2022-01-30 03:35:23,56.1616,15.5866,39.65,52,37,26.96
211,Monrovia,LR,2022-01-30 03:35:24,6.3005,-10.7969,77.65,85,23,3.87
212,Salalah,OM,2022-01-30 03:35:24,17.0151,54.0924,66.29,59,0,4.61
213,Hasaki,JP,2022-01-30 03:35:25,35.7333,140.8333,48.29,48,80,12.57
214,Puerto Escondido,MX,2022-01-30 03:35:25,15.85,-97.0667,79.63,69,0,0.0
215,Hobyo,SO,2022-01-30 03:35:26,5.3505,48.5268,74.14,74,90,15.21
216,Bahia Honda,CU,2022-01-30 03:35:26,22.9036,-83.1592,62.87,57,97,14.56
217,Nizwa,OM,2022-01-30 03:35:27,22.9333,57.5333,68.13,40,0,0.81
218,Husavik,IS,2022-01-30 03:35:27,66.0449,-17.3389,33.71,79,100,15.1
219,Airai,TL,2022-01-30 03:35:27,-8.9266,125.4092,65.03,82,100,4.23
220,Teguise,ES,2022-01-30 03:35:28,29.0605,-13.564,62.82,68,0,16.11
221,Fort Nelson,CA,2022-01-30 03:31:05,58.8053,-122.7002,4.59,78,100,8.05
222,Abu Samrah,SY,2022-01-30 03:28:43,35.3029,37.1841,38.23,84,42,6.08
223,Bonthe,SL,2022-01-30 03:35:28,7.5264,-12.505,75.51,85,89,2.86
224,Chaiyaphum,TH,2022-01-30 03:35:29,15.75,102.0,90.81,39,32,7.36
225,Champua,IN,2022-01-30 03:35:29,22.0833,85.6667,64.89,30,0,3.44
226,Zlocieniec,PL,2022-01-30 03:35:30,53.5329,16.0113,38.89,76,100,28.7
227,Saint-Joseph,RE,2022-01-30 03:35:30,-21.3667,55.6167,79.18,74,54,10.27
228,Soller,ES,2022-01-30 03:35:30,39.7662,2.7152,46.04,39,0,5.01
229,Fukue,JP,2022-01-30 03:35:31,32.6881,128.8419,48.56,46,75,12.66
230,Sept-Iles,CA,2022-01-30 03:35:05,50.2001,-66.3821,8.06,71,100,8.99
231,Kawardha,IN,2022-01-30 03:35:32,22.0167,81.25,68.68,21,0,0.89
232,Panaba,MX,2022-01-30 03:35:33,21.2833,-88.2667,65.03,61,77,10.47
233,Sovetskaya,RU,2022-01-30 03:35:33,44.7769,41.1722,30.92,88,98,5.35
234,Bara,NG,2022-01-30 03:35:34,10.3744,10.7288,58.32,20,61,7.27
235,Perth,AU,2022-01-30 03:33:08,-31.9333,115.8333,94.14,39,0,9.22
236,Merauke,ID,2022-01-30 03:30:41,-8.4667,140.3333,82.0,77,100,3.47
237,Kovdor,RU,2022-01-30 03:35:34,67.5662,30.4758,-5.62,100,66,2.53
238,Forbes,AU,2022-01-30 03:35:35,-33.3833,148.0167,89.13,37,20,9.73
239,Pokrovsk,UA,2022-01-30 03:35:35,48.282,37.1758,24.94,93,100,13.2
240,Maniitsoq,GL,2022-01-30 03:35:36,65.4167,-52.9,10.17,82,100,28.59
241,Evensk,RU,2022-01-30 03:35:36,61.95,159.2333,16.21,79,100,10.45
242,Batticaloa,LK,2022-01-30 03:35:37,7.7102,81.6924,80.83,75,11,3.91
243,Soyo,AO,2022-01-30 03:35:37,-6.1349,12.3689,78.15,88,100,3.69
244,Redmond,US,2022-01-30 03:32:18,47.674,-122.1215,48.38,74,100,3.24
245,Boqueirao,BR,2022-01-30 03:35:38,-7.5,-36.1333,74.75,89,100,4.25
246,Panzhihua,CN,2022-01-30 03:35:38,26.5851,101.7128,58.55,34,0,1.23
247,Rio Cuarto,AR,2022-01-30 03:35:38,-33.1307,-64.3499,68.67,69,0,11.97
248,Thompson,CA,2022-01-30 03:35:39,55.7435,-97.8558,-14.64,76,75,0.0
249,Bilma,NE,2022-01-30 03:29:09,18.6853,12.9164,53.82,25,0,11.12
250,Asasa,ET,2022-01-30 03:35:39,7.1,39.2,49.23,39,32,3.04
251,Kaeo,NZ,2022-01-30 03:35:40,-35.1,173.7833,74.32,67,85,11.41
252,Mopipi,BW,2022-01-30 03:35:40,-21.1833,24.8833,71.46,75,100,18.9
253,Aquiraz,BR,2022-01-30 03:35:41,-3.9014,-38.3911,81.21,85,84,7.38
254,Tsumeb,NA,2022-01-30 03:35:41,-19.2333,17.7167,67.32,84,97,8.48
255,Tanout,NE,2022-01-30 03:35:42,14.9709,8.8879,54.84,20,1,14.09
256,Soure,BR,2022-01-30 03:35:42,-0.7167,-48.5233,75.7,90,100,7.0
257,Chanasma,IN,2022-01-30 03:35:42,23.7167,72.1167,66.67,26,0,3.2
258,Balaipungut,ID,2022-01-30 03:35:43,1.05,101.2833,82.81,59,69,3.36
259,Nikolskoye,RU,2022-01-30 03:35:43,59.7035,30.7861,27.72,93,100,15.01
260,Saint-Philippe,RE,2022-01-30 03:35:44,-21.3585,55.7679,80.19,75,85,9.71
261,Waipawa,NZ,2022-01-30 03:35:44,-41.4122,175.5153,68.94,53,6,12.35
262,Kendari,ID,2022-01-30 03:35:45,-3.945,122.4989,89.82,55,91,1.81
263,Vila Praia De Ancora,PT,2022-01-30 03:35:45,41.811,-8.8526,47.26,51,3,6.06
264,Changping,CN,2022-01-30 03:35:45,40.2186,116.2197,29.84,32,6,3.76
265,Baikunthpur,IN,2022-01-30 03:35:46,23.25,82.55,64.06,26,0,5.82
266,Vestmannaeyjar,IS,2022-01-30 03:35:46,63.4427,-20.2734,40.55,71,100,17.74
267,Cabra,ES,2022-01-30 03:35:47,37.4725,-4.4421,51.19,27,0,4.83
268,La Ronge,CA,2022-01-30 03:35:47,55.1001,-105.2842,12.45,85,100,3.44
269,Havoysund,NO,2022-01-30 03:35:47,70.9963,24.6622,25.68,69,97,24.38
270,Bambous Virieux,MU,2022-01-30 03:35:48,-20.3428,57.7575,83.21,83,75,9.22
271,Goundam,ML,2022-01-30 03:35:48,16.4145,-3.6708,67.03,16,5,10.2
272,Luderitz,NA,2022-01-30 03:32:27,-26.6481,15.1594,66.25,82,18,4.18
273,Mantenopolis,BR,2022-01-30 03:35:49,-18.8625,-41.1228,69.37,94,68,2.48
274,Golden Gate,US,2022-01-30 03:31:00,26.1879,-81.6951,46.98,67,0,8.05
275,Bethel,US,2022-01-30 03:35:51,41.3712,-73.414,14.56,51,20,8.01
276,Qaanaaq,GL,2022-01-30 03:32:32,77.484,-69.3632,-5.53,87,100,5.14
277,Huron,US,2022-01-30 03:35:51,41.1501,-82.5499,12.42,86,56,7.07
278,Manggar,ID,2022-01-30 03:35:51,-2.8833,108.2667,83.53,66,100,6.26
279,Harper,LR,2022-01-30 03:35:52,4.375,-7.7169,77.7,87,22,1.7
280,Vao,NC,2022-01-30 03:35:52,-22.6667,167.4833,80.11,86,8,18.92
281,Monteagudo,BO,2022-01-30 03:35:53,-19.8167,-63.9833,67.86,70,100,1.81
282,Superior,US,2022-01-30 03:35:00,46.7208,-92.1041,24.48,75,100,0.0
283,Wad Rawah,SD,2022-01-30 03:35:54,15.1603,33.1397,60.28,18,2,11.72
284,Inongo,CD,2022-01-30 03:35:54,-1.95,18.2667,72.73,69,76,3.94
285,Haapiti,PF,2022-01-30 03:35:54,-17.5667,-149.8667,80.33,72,100,8.25
286,Dawson Creek,CA,2022-01-30 03:35:55,55.7666,-120.2362,40.64,56,0,17.27
287,Kamaishi,JP,2022-01-30 03:35:55,39.2667,141.8833,32.95,53,45,16.53
288,Kavaratti,IN,2022-01-30 03:35:56,10.5669,72.642,81.37,69,90,9.15
289,Curaca,BR,2022-01-30 03:35:56,-8.9903,-39.9094,72.23,80,100,2.57
290,Sao Filipe,CV,2022-01-30 03:35:57,14.8961,-24.4956,70.56,73,76,11.18
291,Taoudenni,ML,2022-01-30 03:35:57,22.6783,-3.9836,69.12,16,99,10.13
292,Kokopo,PG,2022-01-30 03:35:57,-4.352,152.2633,81.28,80,100,8.46
293,Clarence Town,AU,2022-01-30 03:35:58,-32.5833,151.7833,86.61,43,96,8.25
294,Severo-Kurilsk,RU,2022-01-30 03:35:58,50.6789,156.125,25.11,88,100,13.62
295,Dahra,DZ,2022-01-30 03:35:59,36.2546,0.8519,40.39,35,0,4.0
296,Port Hawkesbury,CA,2022-01-30 03:35:59,45.6169,-61.3485,45.91,99,100,5.01
297,Mortka,RU,2022-01-30 03:36:00,59.3322,66.0214,2.46,97,100,3.83
298,Vila Franca Do Campo,PT,2022-01-30 03:36:00,37.7167,-25.4333,57.61,68,78,11.81
299,Zhicheng,CN,2022-01-30 03:36:00,30.2956,111.5047,42.75,67,22,3.2
300,Skoghall,SE,2022-01-30 03:36:01,59.3232,13.4655,37.96,70,20,19.57
301,Bowling Green,US,2022-01-30 03:33:36,36.9903,-86.4436,28.92,63,0,5.75
302,Anan,JP,2022-01-30 03:36:01,33.9167,134.65,46.27,52,99,15.57
303,Dauriya,RU,2022-01-30 03:36:02,49.9333,116.8667,-3.3,85,7,2.1
304,Morro Bay,US,2022-01-30 03:36:02,35.3658,-120.8499,57.56,55,30,7.31
305,Svetlogorsk,BY,2022-01-30 03:36:03,52.6333,29.7333,28.98,96,100,18.12
306,Ho Chi Minh City,VN,2022-01-30 03:31:37,10.75,106.6667,84.22,70,40,4.61
307,Bandarbeyla,SO,2022-01-30 03:36:03,9.4942,50.8122,75.25,69,100,17.29
308,San Lawrenz,MT,2022-01-30 03:36:04,36.0553,14.204,50.86,57,4,3.0
309,Paragominas,BR,2022-01-30 03:36:04,-2.9667,-47.4833,70.34,99,100,1.83
310,Arica,CL,2022-01-30 03:31:35,-18.475,-70.3042,70.03,60,0,3.44
311,Asuncion,PY,2022-01-30 03:36:05,-25.3007,-57.6359,74.89,60,0,0.0
312,Tevaitoa,PF,2022-01-30 03:36:06,-16.7833,-151.5,80.49,73,100,6.62
313,Zyryanka,RU,2022-01-30 03:36:06,65.75,150.85,-21.15,100,96,1.05
314,Ekhabi,RU,2022-01-30 03:36:06,53.5102,142.9671,0.55,86,90,8.5
315,Axim,GH,2022-01-30 03:36:07,4.8699,-2.2405,77.72,89,23,0.94
316,Vila Velha,BR,2022-01-30 03:33:00,-20.3297,-40.2925,78.75,89,0,3.44
317,Kutum,SD,2022-01-30 03:32:40,14.2,24.6667,47.68,26,7,5.75
318,Yatou,CN,2022-01-30 03:36:07,37.15,122.3833,36.52,39,0,11.72
319,Pedernales,DO,2022-01-30 03:36:08,18.0384,-71.744,75.72,77,4,1.07
320,Susanino,RU,2022-01-30 03:36:09,58.1461,41.5872,5.94,98,86,5.19
321,Mount Isa,AU,2022-01-30 03:36:09,-20.7333,139.5,83.97,65,40,12.66
322,Warrington,GB,2022-01-30 03:36:10,53.3925,-2.5802,44.28,80,20,1.01
323,Kirovskaya,RU,2022-01-30 03:36:10,46.9748,40.0402,32.77,93,95,12.15
324,Gat,IL,2022-01-30 03:31:01,31.61,34.7642,48.4,100,0,3.44
325,Hamilton,US,2022-01-30 03:36:11,39.1834,-84.5333,21.24,72,20,8.05
326,Kameoka,JP,2022-01-30 03:36:11,35.0,135.5833,46.76,59,95,7.09
327,Trincomalee,LK,2022-01-30 03:36:12,8.5711,81.2335,80.64,75,21,5.64
328,Padang,ID,2022-01-30 03:36:12,-0.9492,100.3543,82.08,80,98,1.43
329,Podgornoye,RU,2022-01-30 03:36:12,51.735,39.1496,32.22,93,75,6.71
330,Oktyabrskiy,RU,2022-01-30 03:36:13,54.4815,53.471,6.26,98,95,4.21
331,Kambove,CD,2022-01-30 03:36:13,-10.8764,26.5969,61.63,97,100,2.95
332,San Carlos De Bariloche,AR,2022-01-30 03:36:14,-41.1456,-71.3082,56.95,54,20,24.16
333,Pacific Grove,US,2022-01-30 03:36:14,36.6177,-121.9166,55.63,67,0,1.01
334,Berlevag,NO,2022-01-30 03:36:15,70.8578,29.0864,22.68,79,87,5.3
335,Komsomolskiy,UZ,2022-01-30 03:36:15,40.4272,71.7189,34.52,86,75,4.61
336,Sayansk,RU,2022-01-30 03:36:16,54.1088,102.1648,-6.45,98,98,1.52
337,Lagoa,PT,2022-01-30 03:36:16,39.05,-27.9833,57.92,70,7,16.8
338,Vysokogornyy,RU,2022-01-30 03:36:16,50.1167,139.15,-5.89,85,97,6.49
339,Patacamaya,BO,2022-01-30 03:36:17,-17.2333,-67.9167,44.22,89,100,5.93
340,Kodinsk,RU,2022-01-30 03:36:17,58.6881,99.1844,4.06,93,100,2.21
341,Varkaus,FI,2022-01-30 03:36:18,62.3153,27.873,24.91,94,100,12.19
342,Bubaque,GW,2022-01-30 03:36:18,11.2833,-15.8333,78.06,58,40,12.37
343,Marystown,CA,2022-01-30 03:36:15,47.1666,-55.1483,46.85,100,100,15.01
344,Cidreira,BR,2022-01-30 03:36:19,-30.1811,-50.2056,70.83,70,27,10.65
345,Ivanava,BY,2022-01-30 03:36:19,52.1451,25.5365,35.6,92,100,22.15
346,Goderich,CA,2022-01-30 03:36:19,43.7501,-81.7165,14.92,73,100,9.22
347,Yinchuan,CN,2022-01-30 03:36:20,38.4681,106.2731,25.63,17,8,8.93
348,Tiznit,MA,2022-01-30 03:36:20,29.5833,-9.5,56.77,29,0,24.96
349,Luanda,AO,2022-01-30 03:36:21,-8.8368,13.2343,77.04,85,100,4.65
350,Porto Santo,PT,2022-01-30 03:36:22,33.072,-16.3415,62.51,82,40,4.61
351,Manokwari,ID,2022-01-30 03:36:22,-0.8667,134.0833,84.43,68,100,10.36
352,Tateyama,JP,2022-01-30 03:36:22,34.9833,139.8667,50.27,49,87,7.54
353,Sukhobezvodnoye,RU,2022-01-30 03:36:23,57.0491,44.8891,13.62,97,100,3.78
354,Estacion Coahuila,MX,2022-01-30 03:36:23,32.1939,-115.0017,61.34,14,48,9.69
355,Faya,SA,2022-01-30 03:36:23,18.3851,42.4509,51.91,83,7,3.47
356,Ternate,ID,2022-01-30 03:36:24,0.8,127.4,83.53,69,20,7.87
357,Zeya,RU,2022-01-30 03:36:24,53.75,127.2667,8.33,54,54,4.74
358,Orlik,RU,2022-01-30 03:36:24,52.5178,99.825,-12.55,88,35,1.45
359,Tabou,CI,2022-01-30 03:36:25,4.423,-7.3528,77.61,88,49,1.1
360,Matagami,CA,2022-01-30 03:36:25,49.7502,-77.6328,-14.69,84,0,3.44
361,Alta Floresta,BR,2022-01-30 03:36:26,-9.8756,-56.0861,69.03,99,100,3.13
362,Yurginskoye,RU,2022-01-30 03:36:26,56.8189,67.3921,3.02,94,100,5.21
363,Tangkak,MY,2022-01-30 03:36:26,2.2673,102.5453,84.07,52,94,1.68
364,Suntar,RU,2022-01-30 03:36:27,62.1444,117.6319,-5.8,92,100,6.49
365,Albury,AU,2022-01-30 03:32:29,-36.0833,146.9167,88.02,81,59,4.61
366,Saint-Augustin,CA,2022-01-30 03:36:27,51.226,-58.6502,12.04,93,100,30.71
367,Pendleton,US,2022-01-30 03:36:28,45.6721,-118.7886,32.43,83,100,3.0
368,Lithakia,GR,2022-01-30 03:36:28,37.7167,20.8333,43.97,66,1,16.93
369,Pasighat,IN,2022-01-30 03:36:29,28.0667,95.3333,63.81,42,0,3.06
370,Myitkyina,MM,2022-01-30 03:36:30,25.3833,97.4,67.86,42,44,1.25
371,Urussu,RU,2022-01-30 03:36:30,54.5981,53.4631,6.82,98,96,4.34
372,Lethem,GY,2022-01-30 03:36:30,3.3803,-59.7968,80.2,51,92,12.46
373,Slave Lake,CA,2022-01-30 03:36:31,55.2834,-114.769,31.98,86,100,2.3
374,Pochutla,MX,2022-01-30 03:36:31,15.7432,-96.4661,77.85,68,0,2.89
375,Vanimo,PG,2022-01-30 03:36:32,-2.6741,141.3028,79.25,82,100,11.59
376,Batagay,RU,2022-01-30 03:36:32,67.6333,134.6333,-26.0,96,97,1.77
377,Gallup,US,2022-01-30 03:36:32,35.5281,-108.7426,31.01,44,0,1.99
378,Udachnyy,RU,2022-01-30 03:36:33,66.4167,112.4,-21.41,99,36,3.31
379,Khor,RU,2022-01-30 03:36:33,47.8861,134.9464,-6.11,89,36,4.79
380,Carauari,BR,2022-01-30 03:36:34,-4.8828,-66.8958,73.35,99,100,2.73
381,Mindelo,CV,2022-01-30 03:36:34,16.8901,-24.9804,69.35,60,75,18.41
382,Marsh Harbour,BS,2022-01-30 03:36:35,26.5412,-77.0636,59.45,60,64,22.75
383,San Pedro,PH,2022-01-30 03:36:35,14.35,121.0167,88.32,67,20,16.11
384,Iralaya,HN,2022-01-30 03:36:35,15.0,-83.2333,74.7,83,7,12.55
385,Lavrentiya,RU,2022-01-30 03:36:36,65.5833,-171.0,-4.07,88,3,3.8
386,Nadym,RU,2022-01-30 03:36:36,65.5333,72.5167,-9.2,95,90,9.91
387,Flinders,AU,2022-01-30 03:36:37,-34.5833,150.8552,85.21,75,98,7.78
388,Torata,PE,2022-01-30 03:36:37,-17.0769,-70.8433,55.29,79,35,2.51
389,Ingham,US,2022-01-30 03:36:38,42.6,-84.3833,15.75,59,100,3.44
390,Aklavik,CA,2022-01-30 03:28:11,68.2191,-135.0107,-17.57,87,100,5.77
391,Oytal,KZ,2022-01-30 03:36:38,42.9057,73.2697,33.64,68,24,3.85
392,Arkadelphia,US,2022-01-30 03:36:39,34.1209,-93.0538,42.66,69,0,0.0
393,Amapa,BR,2022-01-30 03:36:39,1.0,-52.0,69.84,99,99,1.81
394,Lima,PE,2022-01-30 03:33:09,-12.0432,-77.0282,70.9,71,0,9.22
395,Loikaw,MM,2022-01-30 03:36:40,19.6742,97.2094,73.26,23,48,3.11
396,Chumikan,RU,2022-01-30 03:36:40,54.7183,135.315,4.51,80,100,19.3
397,Portoferraio,IT,2022-01-30 03:36:41,42.8115,10.3146,55.58,56,0,7.65
398,Urumqi,CN,2022-01-30 03:34:04,43.801,87.6005,-3.05,85,100,2.24
399,Oshikango,NA,2022-01-30 03:36:41,-17.4,15.8833,71.49,85,100,4.41
400,Kosikha,RU,2022-01-30 03:36:42,53.3617,84.5822,3.97,89,45,5.14
401,Chilca,PE,2022-01-30 03:36:42,-12.5211,-76.7372,72.61,86,95,6.44
402,Bendigo,AU,2022-01-30 03:36:42,-36.7667,144.2833,90.86,56,9,3.47
403,Fillan,NO,2022-01-30 03:36:43,63.6064,8.9696,38.37,67,93,32.35
404,Erin,US,2022-01-30 03:36:43,36.3184,-87.6947,32.07,55,8,7.94
405,Neiafu,TO,2022-01-30 03:36:44,-18.65,-173.9833,82.78,70,99,10.25
406,Izberbash,RU,2022-01-30 03:36:44,42.5696,47.8645,26.65,52,12,1.63
407,Hithadhoo,MV,2022-01-30 03:36:45,-0.6,73.0833,81.05,68,55,3.51
408,Praia Da Vitoria,PT,2022-01-30 03:36:45,38.7333,-27.0667,57.45,88,40,14.65
409,Arkhara,RU,2022-01-30 03:36:46,49.4212,130.0842,-6.84,92,87,6.73
410,Bowen,AU,2022-01-30 03:36:46,-20.0167,148.2333,88.02,64,2,16.69
411,Broken Hill,AU,2022-01-30 03:36:46,-31.95,141.4333,89.31,43,40,14.97
412,Jalu,LY,2022-01-30 03:36:47,29.0331,21.5482,52.23,66,87,9.44
413,Weida,DE,2022-01-30 03:36:47,50.7667,12.0667,41.95,54,78,27.36
414,La Macarena,CO,2022-01-30 03:36:48,2.1837,-73.7849,76.12,58,92,3.04
415,Mazamari,PE,2022-01-30 03:36:49,-11.3258,-74.5308,69.26,98,100,1.45
416,Uyar,RU,2022-01-30 03:36:49,55.81,94.3153,0.82,85,60,3.15
417,Nanortalik,GL,2022-01-30 03:36:50,60.1432,-45.2371,18.37,70,100,19.62
418,Kralendijk,BQ,2022-01-30 03:36:50,12.15,-68.2667,75.18,83,50,3.44
419,Kaitangata,NZ,2022-01-30 03:36:51,-46.2817,169.8464,57.6,95,100,2.93
420,Tevriz,RU,2022-01-30 03:36:51,57.509,72.4042,7.41,87,100,7.18
421,Yulara,AU,2022-01-30 03:36:52,-25.2406,130.9889,85.84,58,40,17.27
422,Lloydminster,CA,2022-01-30 03:36:52,53.2835,-110.0016,26.82,80,100,3.44
423,Lagos,NG,2022-01-30 03:36:53,6.5833,3.75,73.72,33,31,5.12
424,Kuraymah,SD,2022-01-30 03:36:53,18.55,31.85,50.5,28,2,10.22
425,Sovetskiy,RU,2022-01-30 03:36:54,61.3614,63.5842,-1.16,99,100,4.07
426,Saskylakh,RU,2022-01-30 03:36:54,71.9167,114.0833,-19.17,100,99,3.53
427,Haileybury,CA,2022-01-30 03:36:54,47.449,-79.6373,-12.42,100,72,2.19
428,Batemans Bay,AU,2022-01-30 03:36:55,-35.7167,150.1833,83.98,75,68,5.37
429,Cumana,VE,2022-01-30 03:36:56,10.4635,-64.1775,66.29,83,36,10.27
430,Sironko,UG,2022-01-30 03:36:56,1.2313,34.2477,67.17,59,61,3.2
431,Sterling,US,2022-01-30 03:33:44,39.0062,-77.4286,22.33,52,0,1.99
432,Marawi,PH,2022-01-30 03:36:57,7.9986,124.2928,74.64,65,82,6.11
433,Colwyn Bay,GB,2022-01-30 03:36:57,53.2948,-3.7267,44.22,86,36,3.0
434,Kavieng,PG,2022-01-30 03:36:57,-2.5744,150.7967,81.57,78,100,3.89
435,Ponca City,US,2022-01-30 03:36:58,36.707,-97.0856,45.79,40,0,3.44
436,Murgab,TM,2022-01-30 03:36:58,37.4966,61.9714,31.87,80,0,4.61
437,Klaksvik,FO,2022-01-30 03:36:59,62.2266,-6.589,29.32,63,100,10.29
438,Sangar,RU,2022-01-30 03:36:59,63.9242,127.4739,-25.17,95,80,3.74
439,Bay Roberts,CA,2022-01-30 03:37:00,47.5999,-53.2648,46.04,92,100,11.99
440,Kitgum,UG,2022-01-30 03:37:00,3.2783,32.8867,68.31,43,35,1.5
441,Isiro,CD,2022-01-30 03:37:00,2.7739,27.616,60.15,46,72,3.18
442,Coihaique,CL,2022-01-30 03:37:01,-45.5752,-72.0662,48.15,66,61,3.44
443,Ucluelet,CA,2022-01-30 03:37:01,48.9329,-125.5528,44.1,91,100,1.01
444,Ozinki,RU,2022-01-30 03:37:02,51.1786,49.6769,31.82,98,100,15.77
445,Mogadishu,SO,2022-01-30 03:34:20,2.0371,45.3438,76.64,76,11,18.59
446,The Pas,CA,2022-01-30 03:37:02,53.8251,-101.2541,-2.18,84,100,6.91
447,Mitsamiouli,KM,2022-01-30 03:37:02,-11.3847,43.2844,77.29,94,40,6.91
448,Okhotsk,RU,2022-01-30 03:37:03,59.3833,143.3,17.31,80,100,14.09
449,Malatya,TR,2022-01-30 03:37:03,38.5,38.0,17.65,79,75,4.61
450,Nanning,CN,2022-01-30 03:37:04,22.8167,108.3167,50.45,54,73,3.91
451,Agua Dulce,MX,2022-01-30 03:37:05,18.1333,-94.1333,66.07,86,100,9.95
452,Raton,US,2022-01-30 03:37:05,36.9034,-104.4391,37.58,32,0,5.75
453,Litovko,RU,2022-01-30 03:37:06,49.2361,135.1742,-7.46,89,24,1.36
454,Benjamin Constant,BR,2022-01-30 03:37:06,-4.3831,-70.0311,77.13,73,100,2.06
455,Marshall,US,2022-01-30 03:37:06,34.3834,-86.3333,31.71,57,0,6.91
456,Porbandar,IN,2022-01-30 03:37:07,21.6422,69.6093,55.38,82,0,3.44
457,Leningradskiy,RU,2022-01-30 03:37:07,69.3833,178.4167,-11.2,91,71,4.16
458,Ixtapa,MX,2022-01-30 03:37:07,20.7,-105.2,74.43,73,0,3.44
459,Ramsar,IR,2022-01-30 03:37:08,36.9226,50.6426,38.64,75,0,2.3
460,Laguna,US,2022-01-30 03:34:57,38.421,-121.4238,54.34,70,0,0.0
461,Porto-Vecchio,FR,2022-01-30 03:32:30,41.591,9.2795,51.46,76,75,10.36
462,Gordeyevka,RU,2022-01-30 03:37:09,52.9569,31.9703,24.71,95,100,20.85
463,Oranjemund,NA,2022-01-30 03:37:10,-28.55,16.4333,64.2,90,42,6.58
464,Burnie,AU,2022-01-30 03:37:11,-41.0667,145.9167,73.94,64,9,8.41
465,Hofn,IS,2022-01-30 03:37:11,64.2539,-15.2082,32.23,62,100,7.36
466,Yar-Sale,RU,2022-01-30 03:37:11,66.8333,70.8333,-9.4,98,94,8.84
467,Longjiang,CN,2022-01-30 03:37:12,47.3303,123.1836,14.36,62,0,8.3
468,Aswan,EG,2022-01-30 03:37:12,24.0934,32.907,47.1,55,0,9.13
469,Changji,CN,2022-01-30 03:37:13,44.0167,87.3167,0.39,85,100,2.24
470,Gachala,CO,2022-01-30 03:37:13,4.6924,-73.5204,62.35,85,100,2.8
471,Geraldton,AU,2022-01-30 03:37:13,-28.7667,114.6,84.61,61,0,17.27
472,Tambopata,PE,2022-01-30 03:37:14,-12.7333,-69.1833,72.01,99,100,0.67
473,Bollnas,SE,2022-01-30 03:37:15,61.3482,16.3946,30.38,82,100,16.8
474,Tecoanapa,MX,2022-01-30 03:37:15,16.5167,-98.75,78.06,78,0,4.25
475,Galle,LK,2022-01-30 03:37:16,6.0367,80.217,83.53,61,6,3.62
476,Vostok,RU,2022-01-30 03:37:16,46.4856,135.8833,-0.96,78,89,4.85
477,Hualmay,PE,2022-01-30 03:37:17,-11.0964,-77.6139,69.78,85,77,8.19
478,Dingle,PH,2022-01-30 03:37:17,10.9995,122.6711,87.06,64,11,3.0
479,Inuvik,CA,2022-01-30 03:33:15,68.3499,-133.7218,-8.39,76,20,1.14
480,Lamu,KE,2022-01-30 03:37:18,-2.2717,40.902,77.22,87,100,11.03
481,Hay River,CA,2022-01-30 03:37:18,60.8156,-115.7999,-4.02,77,100,9.22
482,Mamallapuram,IN,2022-01-30 03:37:19,12.6264,80.1722,80.65,72,100,13.44
483,Sibiti,CG,2022-01-30 03:37:19,-3.6819,13.3499,68.2,99,82,0.63
484,Muisne,EC,2022-01-30 03:37:20,0.6,-80.0333,74.86,89,99,1.43
485,Hami,CN,2022-01-30 03:29:25,42.8,93.45,22.82,38,5,2.01
486,Keuruu,FI,2022-01-30 03:37:20,62.2667,24.7,25.56,90,100,11.27
487,Anisoc,GQ,2022-01-30 03:37:21,1.8658,10.7689,69.51,99,100,1.3
488,Conceicao Do Mato Dentro,BR,2022-01-30 03:37:21,-19.0372,-43.425,67.8,90,100,2.21
489,Saldanha,ZA,2022-01-30 03:37:22,-33.0117,17.9442,60.85,84,0,10.49
490,Portsmouth,GB,2022-01-30 03:35:08,50.799,-1.0913,40.96,92,8,1.99
491,Kangaatsiaq,GL,2022-01-30 03:37:22,68.3065,-53.4641,5.81,90,100,17.25
492,Bismarck,US,2022-01-30 03:37:23,46.8083,-100.7837,24.64,80,0,5.75
493,Panguipulli,CL,2022-01-30 03:37:23,-39.6333,-72.3333,55.11,84,50,0.76
494,Sao Joao Da Barra,BR,2022-01-30 03:37:24,-21.6403,-41.0511,74.28,95,100,7.67
495,Labuhan,ID,2022-01-30 03:37:25,-6.8844,112.2051,85.44,68,96,4.52
496,Aitape,PG,2022-01-30 03:37:25,-3.1374,142.3475,80.53,80,99,10.56
497,Galdar,ES,2022-01-30 03:37:25,28.147,-15.6502,59.36,71,0,4.29
498,Damulog,PH,2022-01-30 03:37:26,7.4836,124.9431,88.14,56,96,1.81
499,Carballo,ES,2022-01-30 03:37:27,43.213,-8.691,47.62,68,87,3.74
500,Sibolga,ID,2022-01-30 03:37:27,1.7427,98.7792,83.75,70,82,3.18
501,Melfi,IT,2022-01-30 03:37:27,40.9965,15.6514,31.5,58,8,6.64
502,Darnah,LY,2022-01-30 03:37:28,32.767,22.6367,53.02,80,100,39.17
503,Shimoda,JP,2022-01-30 03:37:28,34.6667,138.95,50.36,57,96,8.37
504,Ulladulla,AU,2022-01-30 03:37:29,-35.35,150.4667,83.77,67,60,11.1
505,Moron,AR,2022-01-30 03:37:30,-34.6534,-58.6198,78.55,70,86,1.01
506,Upata,VE,2022-01-30 03:37:30,8.0086,-62.3989,73.18,88,91,3.76
507,San Cristobal,VE,2022-01-30 03:37:31,7.7669,-72.225,68.18,84,72,3.33
508,Miles City,US,2022-01-30 03:37:31,46.4083,-105.8406,32.97,55,0,0.0
509,Richards Bay,ZA,2022-01-30 03:35:24,-28.783,32.0377,69.66,86,3,2.19
510,Alyangula,AU,2022-01-30 03:37:31,-13.8483,136.4192,85.87,74,40,11.5
511,Challapata,BO,2022-01-30 03:37:32,-18.9,-66.7667,47.97,77,100,7.16
512,Viedma,AR,2022-01-30 03:37:32,-40.8135,-62.9967,78.87,44,76,19.3
513,Barra,BR,2022-01-30 03:37:33,-11.0894,-43.1417,70.34,88,100,3.89
514,Lobva,RU,2022-01-30 03:37:33,59.1854,60.5185,-2.87,100,100,0.56
515,Cockburn Town,TC,2022-01-30 03:32:30,21.4612,-71.1419,77.36,71,0,12.24
516,Barinas,VE,2022-01-30 03:37:33,8.6226,-70.2075,87.49,51,43,3.44
517,Tura,IN,2022-01-30 03:37:34,25.5198,90.2201,64.33,41,0,2.95
518,Lerwick,GB,2022-01-30 03:37:34,60.1545,-1.1494,39.2,63,33,21.79
519,Road Town,VG,2022-01-30 03:37:35,18.4167,-64.6167,73.99,65,0,8.08
520,Pangai,TO,2022-01-30 03:32:35,-19.8,-174.35,82.4,74,100,10.71
521,Anadyr,RU,2022-01-30 03:37:35,64.75,177.4833,-8.9,84,20,0.0
522,Namatanai,PG,2022-01-30 03:37:36,-3.6667,152.4333,82.74,77,100,5.41
523,Rundu,NA,2022-01-30 03:37:36,-17.9333,19.7667,65.64,96,98,4.68
524,Tahta,EG,2022-01-30 03:37:37,26.7693,31.5021,45.05,65,0,5.37
525,Avera,US,2022-01-30 03:37:37,33.194,-82.5271,33.71,37,0,5.97
526,Marfino,RU,2022-01-30 03:37:37,55.7028,37.3822,24.75,86,100,8.95
527,Nsanje,MW,2022-01-30 03:37:38,-16.92,35.262,71.51,98,28,2.66
528,Lipin Bor,RU,2022-01-30 03:37:38,60.2622,37.9763,8.69,96,100,9.55
529,Popondetta,PG,2022-01-30 03:37:39,-8.7537,148.2534,86.94,65,100,6.02
530,Marsaxlokk,MT,2022-01-30 03:37:39,35.8419,14.5431,52.09,53,0,10.36
531,Noumea,NC,2022-01-30 03:37:40,-22.2763,166.4572,86.0,99,45,14.07
532,Nalut,LY,2022-01-30 03:37:40,30.3333,10.85,39.43,88,0,6.53
533,Sabang,ID,2022-01-30 03:37:40,5.8933,95.3214,82.11,67,40,6.62
534,Ust-Maya,RU,2022-01-30 03:37:41,60.4167,134.5333,-17.93,89,89,0.27
535,Flin Flon,CA,2022-01-30 03:37:41,54.7682,-101.865,-1.89,99,86,4.05
536,Chincha Alta,PE,2022-01-30 03:37:42,-13.4099,-76.1323,68.59,84,82,2.95
537,Nyaunglebin,MM,2022-01-30 03:37:42,17.95,96.7333,77.34,31,64,8.14
538,Turrialba,CR,2022-01-30 03:35:17,9.9047,-83.6835,73.22,95,84,2.08
539,Worthington,US,2022-01-30 03:36:01,40.0931,-83.018,17.83,76,100,1.01
540,Sao Gabriel Da Cachoeira,BR,2022-01-30 03:37:43,-0.1303,-67.0892,75.4,91,100,2.62
541,Mandalgovi,MN,2022-01-30 03:37:43,45.7625,106.2708,3.79,66,73,21.68
542,Boyle,US,2022-01-30 03:37:43,37.6334,-84.8666,20.21,73,0,0.0
543,Elat,IL,2022-01-30 03:36:10,29.5581,34.9482,46.24,61,0,9.22
544,Biltine,TD,2022-01-30 03:37:44,14.5333,20.9167,57.38,19,3,8.66
545,Riviere-Au-Renard,CA,2022-01-30 03:37:45,48.9957,-64.3971,17.6,95,100,21.43
546,Razdolnoye,RU,2022-01-30 03:37:45,43.55,131.9167,16.21,57,67,8.9
547,Paita,PE,2022-01-30 03:37:45,-5.0892,-81.1144,71.98,79,69,10.8
548,Ust-Kuyga,RU,2022-01-30 03:37:46,70.0167,135.6,-31.38,100,98,7.54
549,Dharchula,IN,2022-01-30 03:37:46,29.85,80.5333,58.03,25,0,1.41
550,Gabu,GW,2022-01-30 03:37:47,12.2833,-14.2167,72.05,21,52,1.14
551,Bolivar,US,2022-01-30 03:37:47,37.6145,-93.4105,41.92,59,0,8.72
552,Elk City,US,2022-01-30 03:37:48,35.412,-99.4043,46.62,25,0,0.0
553,Umm Kaddadah,SD,2022-01-30 03:37:49,13.6017,26.6876,52.12,27,3,13.73
554,Hambantota,LK,2022-01-30 03:37:49,6.1241,81.1185,82.74,89,20,4.61
555,Yong Peng,MY,2022-01-30 03:37:50,2.0136,103.0659,89.87,48,97,2.86
556,Yining,CN,2022-01-30 03:37:50,29.0361,114.5636,41.4,77,88,1.34
557,Adra,ES,2022-01-30 03:37:51,36.7496,-3.0206,58.39,34,0,9.73
558,Riyadh,SA,2022-01-30 03:37:51,24.6877,46.7219,46.54,43,0,7.83
559,Belem,BR,2022-01-30 03:37:51,-1.4558,-48.5044,75.24,100,75,2.3
560,Beloha,MG,2022-01-30 03:37:52,-25.1667,45.05,73.89,80,61,10.29
561,Sakakah,SA,2022-01-30 03:37:52,29.9697,40.2064,42.37,53,0,7.7
562,Taltal,CL,2022-01-30 03:37:53,-25.4,-70.4833,65.35,79,4,1.66
563,Santa Marta,CO,2022-01-30 03:37:49,11.2408,-74.199,80.65,50,20,12.66
564,Ariquemes,BR,2022-01-30 03:37:53,-9.9133,-63.0408,71.42,100,100,1.54
565,Mangrol,IN,2022-01-30 03:37:54,21.1167,70.1167,69.42,31,0,7.14
566,Mahibadhoo,MV,2022-01-30 03:37:54,3.7833,72.9667,81.72,70,24,11.21
567,Floro,NO,2022-01-30 03:37:55,61.5996,5.0328,39.16,65,100,37.98
568,Calvillo,MX,2022-01-30 03:37:55,21.85,-102.7167,61.74,39,4,1.39
569,Norman Wells,CA,2022-01-30 03:37:55,65.282,-126.8329,-29.16,68,75,2.3
570,Praya,CV,2022-01-30 03:37:56,14.9215,-23.5087,68.54,68,40,12.66
571,Golcuv Jenikov,CZ,2022-01-30 03:37:56,49.8163,15.4769,43.23,67,75,18.01
572,Simbahan,PH,2022-01-30 03:37:56,6.3032,120.5836,81.79,70,96,4.59
